category,value
A,11.5
B,15.666666666666666
C,27.666666666666668
